<?xml version="1.0" encoding="UTF-8"?>

<beans xmlns="http://www.springframework.org/schema/beans"
	xmlns:xsi="http://www.w3.org/2001/XMLSchema-instance"
	xsi:schemaLocation="http://www.springframework.org/schema/beans
    http://www.springframework.org/schema/beans/spring-beans.xsd">

	<!-- Initialization for data source -->
   <bean id="dataSource" 
      class="org.springframework.jdbc.datasource.DriverManagerDataSource">
      <property name="driverClassName" value="oracle.jdbc.driver.OracleDriver"/>
      <property name="url" value="jdbc:oracle:thin:@127.0.0.1:1521:ORCL"/>
      <property name="username" value="c##scott"/>
      <property name="password" value="m123"/>
   </bean>
    
   <!-- Initialization for TransactionManager -->
   <bean id="transactionManager" 
      class="org.springframework.jdbc.datasource.DataSourceTransactionManager">
      <property name="dataSource"  ref="dataSource" />    
   </bean>

   <!-- Definition for studentJDBCTemplate bean -->
   <bean id="studentJDBCTemplate"
      class="com.transaction.t1.StudentJDBCTemplate">
      <property name="dataSource"  ref="dataSource" />
      <property name="transactionManager"  ref="transactionManager" />    
   </bean>
    
</beans>