<?xml version="1.0" encoding="UTF-8"?>
<!DOCTYPE mapper
PUBLIC "-//mybatis.org//DTD Mapper 3.0//EN"
"http://mybatis.org/dtd/mybatis-3-mapper.dtd">

<!-- mapper标签要指定namespace属性，不然会报错，且mapper开发时设置为Mapper接口的全限定名-->
<mapper namespace="cn.w3cschool.dao.UserMapper">
    <select id="findUserById" parameterType="int" resultType="cn.w3cschool.domain.User">
        select * from user4 where id = #{id}
    </select>
    <select id="findUserAll" resultType="cn.w3cschool.domain.User">
        select * from user4 
    </select>
    <insert id="insertUser" parameterType="cn.w3cschool.domain.User">
        insert into user4(id,username,password,age) values(user4_seq.nextval,#{username},#{password},#{age})
    </insert>
    <delete id="deleteUserById" parameterType="int">
        delete from user4 where id=#{id}
    </delete>
    <update id="updateUserPassword" parameterType="cn.w3cschool.domain.User">
        update user4 set password=#{password} where id=#{id}
    </update>
</mapper>